cluster,AUPRC
2,0.3923611111111111
1,0.12878787878787878
0,-0.0
