cluster,AUC
2,0.7546296296296297
0,0.16666666666666663
1,
