cluster,AUPRC
1,0.26362624341890456
2,0.41666666666666663
0,
