cluster,AUPRC
2,0.573937903883556
1,0.8634920634920634
0,
