cluster,AUPRC
2,0.6136449840482099
0,0.16666666666666666
1,-0.0
