cluster,AUC
2,0.8316326530612244
1,0.09090909090909094
0,
