cluster,AUPRC
2,0.6900458326451947
1,0.16666666666666666
0,1.0
