cluster,AUC
1,0.41395348837209306
0,0.3846153846153846
2,1.0
