cluster,AUC
2,0.751219512195122
0,
1,0.84375
