cluster,AUPRC
2,0.6641803647924014
0,-0.0
1,0.8611111111111112
