cluster,AUC
2,0.7059620596205961
0,
1,0.7777777777777779
