cluster,AUPRC
1,0.2931201203814828
0,0.1111111111111111
2,1.0
