cluster,AUC
2,0.7342342342342342
1,0.7619047619047619
0,1.0
