cluster,AUC
2,
0,0.8137254901960783
1,0.6613756613756614
