cluster,AUPRC
1,
0,0.19258990059984482
2,0.37987053795877324
