cluster,AUC
1,
0,0.6428571428571428
2,0.6759259259259259
