cluster,AUPRC
2,-0.0
1,0.5485948727317014
0,0.3464285714285714
