cluster,AUPRC
2,
0,0.5366161616161615
1,0.49873894221720305
