cluster,AUC
1,0.8166666666666667
0,0.8574468085106384
