cluster,AUC
2,
1,0.7952127659574468
0,0.6266666666666667
