cluster,AUC
2,0.34635416666666663
0,0.5806451612903225
