cluster,AUPRC
0,0.511115072739166
1,0.619298245614035
