cluster,AUPRC
1,0.7556818181818181
0,0.1968901196842373
