cluster,AUPRC
2,0.33909768933903184
0,0.24575903967208318
