cluster,AUC
0,0.6401515151515151
1,0.8783783783783784
