cluster,AUPRC
1,0.2
0,0.11479648066460212
2,0.28943602693602694
