cluster,AUC
2,
1,0.8392156862745098
0,0.6666666666666667
