cluster,AUC
0,0.7503546099290781
1,0.9393939393939393
