cluster,AUC
1,0.4285714285714286
0,0.42407407407407405
2,0.28787878787878785
