cluster,AUPRC
2,-0.0
1,0.2708025308025308
0,0.5666666666666667
