cluster,AUPRC
0,0.420237662498532
1,0.8055555555555556
