cluster,AUPRC
1,0.41666666666666663
2,0.6455109897582358
0,0.3333333333333333
