cluster,AUC
1,0.5
2,0.8084179970972423
0,0.33333333333333337
