cluster,AUC
2,0.8324786324786325
1,0.5384615384615384
0,
