cluster,AUPRC
2,0.6127161401886677
1,0.14285714285714285
0,-0.0
