cluster,AUC
1,0.3805522208883554
0,0.8571428571428572
2,
