cluster,AUPRC
1,0.24981956793612092
0,
2,0.2574074074074074
