cluster,AUPRC
2,0.4798452818060661
1,-0.0
0,0.7028138528138527
