cluster,AUC
2,0.7531305903398926
0,
1,0.5925925925925926
