cluster,AUC
1,0.40476190476190477
2,0.7007575757575757
0,
