cluster,AUC
1,0.4565891472868217
0,
2,0.19047619047619047
