cluster,AUC
2,0.7627627627627628
1,
0,0.6428571428571428
