cluster,AUPRC
2,0.5911379624614919
0,
1,0.5436507936507936
