cluster,AUPRC
1,0.18803418803418806
2,0.41565312292102224
0,-0.0
