cluster,AUC
1,0.6723646723646725
0,0.626984126984127
2,0.0
