cluster,AUPRC
1,0.5217784992784993
0,0.45101010101010097
2,1.0
