cluster,AUC
1,0.7604166666666666
0,0.49019607843137253
2,1.0
