cluster,AUPRC
1,0.7200671587884232
0,0.18772354260726354
