cluster,AUPRC
2,0.24565067403942084
0,0.2079324447358713
1,1.0
