cluster,AUC
2,0.30952380952380953
0,0.3492647058823529
1,1.0
