cluster,AUPRC
1,0.6213206874554392
0,0.486893745352392
2,0.3333333333333333
