cluster,AUC
1,0.7314814814814816
0,0.4542124542124542
