cluster,AUPRC
1,0.5256261595547309
0,0.5048124098124098
