cluster,AUC
1,0.7678571428571428
0,0.7550505050505051
