cluster,AUPRC
0,0.2250497046448277
2,0.7944444444444445
1,0.6666666666666666
