cluster,AUC
0,0.4545454545454546
2,0.9222222222222223
1,0.5
