cluster,AUPRC
1,0.18627622377622377
0,0.305952380952381
2,0.5
