cluster,AUPRC
1,0.6074958405121449
0,0.43105413105413104
2,
