cluster,AUC
1,0.4807692307692308
0,0.5285714285714286
2,0.0
