cluster,AUC
0,0.2619047619047619
2,0.7185185185185186
