cluster,AUPRC
1,0.6178946645052681
0,0.7788411660960681
