cluster,AUPRC
0,0.25818452380952384
1,0.323229869545659
