cluster,AUC
1,0.7282051282051282
0,0.7283950617283951
