cluster,AUPRC
0,0.05042522489331
2,0.7174603174603176
