cluster,AUPRC
0,0.48030303030303034
1,0.4780493103073748
