cluster,AUC
0,0.7657342657342658
1,0.8571428571428571
