cluster,AUPRC
1,0.24641523026616194
0,0.7142857142857142
2,-0.0
