cluster,AUC
0,0.5022522522522522
2,0.421875
1,
