cluster,AUPRC
0,0.1677127044943137
2,0.2299353027368455
1,
