cluster,AUPRC
0,0.1502234993614304
1,0.6688958916900094
2,
