cluster,AUC
0,0.5402298850574712
1,0.8285714285714285
2,
