cluster,AUC
1,0.6306620209059233
0,0.7818181818181819
2,
