cluster,AUPRC
0,0.6036374754879161
1,0.8347247990105133
