cluster,AUPRC
1,0.5265197956577267
0,0.21766381766381765
2,
