cluster,AUC
1,0.7728937728937729
0,0.6666666666666667
2,
