cluster,AUPRC
1,0.3919348303584757
0,0.2994227994227994
2,-0.0
