cluster,AUPRC
0,0.13469291416526796
2,0.32322677322677323
1,
