cluster,AUC
1,0.6916666666666668
0,0.7804878048780488
