cluster,AUPRC
1,0.587037037037037
0,0.4874269005847953
