cluster,AUC
0,0.8571428571428571
2,0.5176470588235295
1,
