cluster,AUC
1,0.7777777777777777
0,0.7407407407407407
2,
