cluster,AUPRC
1,0.19440741211450152
2,0.25
0,0.41666666666666663
