cluster,AUPRC
0,0.7
2,0.483138062316558
1,0.28674242424242424
