cluster,AUPRC
1,0.7777777777777777
2,0.54872516405974
0,0.25
