cluster,AUC
0,0.75
2,0.6314496314496314
1,0.640625
