cluster,AUC
2,0.8961240310077518
1,0.5714285714285715
0,
