cluster,AUC
1,0.7777777777777778
2,0.7703703703703704
0,0.5714285714285714
