cluster,AUC
1,0.3305785123966942
2,0.5
0,0.8333333333333334
