cluster,AUPRC
2,0.7852602707749766
1,0.5851948051948053
0,-0.0
