cluster,AUPRC
2,0.49044741219631566
0,1.0
1,0.6244200244200244
