cluster,AUPRC
2,0.23990002953575676
0,0.6666666666666666
1,0.38690476190476186
