cluster,AUC
0,0.2727272727272727
1,0.5074468085106383
2,0.5555555555555556
