cluster,AUC
2,0.6377551020408163
0,0.75
1,0.38888888888888884
