cluster,AUPRC
0,0.2103174603174603
1,0.22385284478163733
2,0.5888888888888889
