cluster,AUC
1,0.8522727272727273
2,0.6634920634920635
0,0.33333333333333337
