cluster,AUPRC
1,0.5515873015873016
2,0.37746654217242454
0,0.5595238095238095
