cluster,AUC
0,0.4566993464052288
2,0.43333333333333335
1,
