cluster,AUPRC
1,0.43514691844103603
0,0.7678571428571428
2,-0.0
