cluster,AUPRC
0,0.1908264513380104
2,0.4797979797979798
1,
