cluster,AUPRC
0,0.7899466999467
1,0.6442424242424243
