cluster,AUPRC
1,0.46997843479489954
0,0.8928571428571428
