cluster,AUC
0,0.363107822410148
2,0.4444444444444444
