cluster,AUC
0,0.7481060606060607
1,0.7474747474747475
