cluster,AUC
0,0.910204081632653
1,0.6571428571428571
