cluster,AUPRC
0,0.6110967141577757
1,0.7751942501942501
