cluster,AUPRC
0,0.268494825712491
2,0.22619047619047616
