cluster,AUC
2,0.6551724137931034
0,0.453125
1,
