cluster,AUPRC
0,0.7150516533822082
1,0.05555555555555555
