cluster,AUC
0,0.7907692307692308
1,0.5405405405405406
