cluster,AUPRC
0,0.15727743271221534
1,0.7307925407925409
