cluster,AUC
0,0.5285714285714285
1,0.7727272727272727
