cluster,AUPRC
2,0.5535217177093608
0,0.15441176470588236
1,
