cluster,AUPRC
1,0.2851190476190476
0,0.4200965700965701
2,
