cluster,AUPRC
1,0.42346700343280363
0,0.7048611111111112
