cluster,AUC
1,0.7580645161290323
0,0.7662337662337663
2,
