cluster,AUPRC
0,0.4374437759704031
1,0.589484126984127
