cluster,AUC
0,0.2142857142857143
2,0.5529411764705883
1,
