cluster,AUC
1,0.7938311688311688
0,0.6363636363636364
2,
