cluster,AUC
0,0.5663461538461538
1,1.0
2,0.7592592592592593
