cluster,AUPRC
0,0.35010412059560664
1,0.5091666666666668
2,0.5
