cluster,AUPRC
1,0.6435555481737747
0,0.445995670995671
2,-0.0
