cluster,AUC
0,0.6370967741935484
1,0.8275862068965518
2,0.6666666666666667
