cluster,AUPRC
0,0.3870359663028779
1,1.0
2,0.3833333333333333
