cluster,AUPRC
0,0.6856967787114846
1,0.29888888888888887
