cluster,AUPRC
0,0.5526315789473684
1,0.5432276057276058
