cluster,AUC
0,0.8111111111111111
1,0.7797619047619048
