cluster,AUPRC
0,0.40612299789193196
1,0.3333333333333333
2,-0.0
