cluster,AUPRC
2,0.22637402268421306
0,0.05555555555555555
1,
