cluster,AUC
0,0.7412280701754386
1,0.9130434782608696
2,
