cluster,AUC
2,0.491869918699187
0,0.10526315789473684
1,
